[
  {
    "model": "product.product",
    "pk": 1,
    "fields": {
      "descriptive_content": "Waterproof Terry Towelling Breathable Mattress Protector - {{size}} Bed.",
      "factory_description": "Pure Cotton Pile Waterproof Mattress Protector {{ factory_size }} (Towelling)",
      "sage_description": "{{ sage_size }} BEDDING SPECIALIST TOWELLING MAT. PRO. (95)",
      "sage_category": 58,
      "material": "Cotton, breathable PU.",
      "ebay_material": "Cotton, breathable PU.",
      "ebay_features": "Hypoallergenic, Machine Washable, Tumble Dry",
      "ebay_type": "Mattress Cover/Protector",
      "keywords": "matress;matrass;mattrass",
      "bullet_point_1": "Luxury fitted waterproof towelling mattress protector. .",
      "bullet_point_2": "Pure cotton pile with soft breathable waterproof underside - Protects against liquid spills.",
      "bullet_point_3": "Provides a barrier between the sleeper and the bacteria & allergens which can build up in mattresses  .",
      "bullet_point_4": "Machine washable at 95\u00b0C - Stretch polyester skirt for a secure fit.",
      "bullet_point_5": "Helps create a healthier and more hygienic sleeping environment.",
      "manufacturer_description": "Luxury pure cotton pile with breathable waterproof underside. <p> Soft and absorbent surface. <p> Many waterproof protectors are impervious which causes clamminess and discomfort. Ours ensures both comfort and protection, while providing  a shield against the  dust mites and bacteria which  are known to live in the average mattress. <p> Elasticated stretch skirting ensures a snug fit.",
      "in_the_box": "1 {{ size }} waterproof towelling mattress protector.",
      "url": "",
      "product_type": "MP",
      "product_code_root": "BSTPSO"
    }
  },
  {
    "model": "product.product",
    "pk": 2,
    "fields": {
      "descriptive_content": "Luxury Egyptian Cotton Mattress Topper - {{size}} Bed.",
      "factory_description": "",
      "sage_description": "{{ sage_size }} BEDDING SPECIALIST EGYPTIAN COTTON TOPPER",
      "sage_category": 22,
      "material": "Cotton top cover hollow fibre filling.",
      "ebay_material": "",
      "ebay_features": "",
      "ebay_type": "",
      "keywords": "matress",
      "bullet_point_1": "Luxury Egyptian Cotton cover with environmentally friendly antibacterial hollow fibre filling.",
      "bullet_point_2": "Proven to inhibit dust mites and certain moulds and bacteria - a major cause of allergens.",
      "bullet_point_3": "Promotes a healthy & hygienic sleeping environment - soft and comfortable to sleep on.",
      "bullet_point_4": "Luxury quilted cover protects and prolongs the life of your mattress.",
      "bullet_point_5": "Elasticated skirt for secure fit. Machine washable.",
      "manufacturer_description": "Luxurious Egyptian cotton topper with soft environmentally friendly antibacterial hollow fibre filling. <p> Soft and comfortable to sleep on the topper is approximately the same thickness as a summer weight duvet. <p> Promotes a healthy and hygienic sleeping environment. <p> The topper which is machine washable  has elastic corner straps for a secure fit and will fit mattresses up to 40cm deep .",
      "in_the_box": "1 {{ size }} Egyptian cotton mattress enhancer.",
      "url": "",
      "product_type": "TPR",
      "product_code_root": "BSECMT"
    }
  },
  {
    "model": "product.product",
    "pk": 3,
    "fields": {
      "descriptive_content": "Anti-Allergy Mattress Topper - {{size}} Bed.",
      "factory_description": "",
      "sage_description": "{{ sage_size }} BEDDING SPECIALIST P/CTN A/ALLERGY TOPPER",
      "sage_category": 21,
      "material": "Polycotton with hollow fibre filling.",
      "ebay_material": "",
      "ebay_features": "",
      "ebay_type": "",
      "keywords": "matress;matrass;mattrass",
      "bullet_point_1": "Luxury Quilted mattress Topper with environmentally friendly anti-allergy hollow fibre filling.",
      "bullet_point_2": "Proven to inhibit dust mites and certain moulds and bacteria - a major cause of allergens.",
      "bullet_point_3": "Promotes a healthy & hygienic sleeping environment - soft and comfortable to sleep on.",
      "bullet_point_4": "Approximately the same thickness as a summer weight duvet.",
      "bullet_point_5": "Elasticated corner straps for a secure fit. Machine washable.",
      "manufacturer_description": "Luxury polycotton mattress topper with unique environmentally friendly anti-allergy / antibacterial filling <p> helps protect against dust mites and bacteria which are recognised as triggers for allergies such as asthma, eczema and rhinitis. <p> The topper is approximately the same thickness as a summer weight duvet and it's soft hollow fibre filling promotes a comfortable and hygienic sleeping environment. <p> The topper is machine washable and has elastic corner straps which fit mattresses up to 40cm deep .",
      "in_the_box": "1 {{ size }}.",
      "url": "",
      "product_type": "TPR",
      "product_code_root": "BSAQTL"
    }
  },
  {
    "model": "product.product",
    "pk": 4,
    "fields": {
      "descriptive_content": "Peach Soft Microfibre Mattress Topper - {{size}} Bed.",
      "factory_description": "",
      "sage_description": "{{ sage_size }} BEDDING SPECIALIST M/FIBRE MATTRESS TOPPER (STD)",
      "sage_category": 23,
      "material": "Microfibre Cover with hollow fibre filling.",
      "ebay_material": "",
      "ebay_features": "",
      "ebay_type": "",
      "keywords": "matress;matrass;mattrass",
      "bullet_point_1": "Peach soft microfibre cover with deep soft hollow fibre filling.",
      "bullet_point_2": "Feels very similar to luxury down.",
      "bullet_point_3": "Approximately the same thickness as a summer weight duvet.",
      "bullet_point_4": "Elastic corner straps for a secure fit.",
      "bullet_point_5": "Easy to launder - non-allergenic.",
      "manufacturer_description": "Luxurious peach soft microfibre topper with soft hollow fibre filling. <p> The topper which  has a similar feeling to a luxury down filled product is approximately the same thickness as a summer weight duvet. <p> It is machine washable and has elastic corner straps which fit mattresses up to 40cm deep.",
      "in_the_box": "1 {{ size }}.",
      "url": "",
      "product_type": "TPR",
      "product_code_root": "BSMFMT"
    }
  },
  {
    "model": "product.product",
    "pk": 5,
    "fields": {
      "descriptive_content": "Deep Fill  Peach soft Antibacterial  Mattress Topper - {{ size }} Bed.",
      "factory_description": "",
      "sage_description": "{{ sage_size }} BEDDING SPECIALIST M/FIBRE MATTRESS TOPPER (XTRA)",
      "sage_category": 23,
      "material": "Microfibre.",
      "ebay_material": "",
      "ebay_features": "",
      "ebay_type": "",
      "keywords": "matress;matrass;mattrass",
      "bullet_point_1": "Peach soft microfibre cover with Extra deep, soft, antibacterial, hollow fibre filling.",
      "bullet_point_2": "Feels very similar to luxury down.",
      "bullet_point_3": "Approximately the same thickness as a winter weight duvet.",
      "bullet_point_4": "Elastic corner straps for a secure fit - easy to Launder - non-allergenic.",
      "bullet_point_5": "Helps promote a luxurious and hygienic sleeping environment.",
      "manufacturer_description": "Luxurious peach soft microfibre topper with extra deep soft hollow fibre filling. <p> The topper which is approximately the same thickness as a winter weight duvet provides a level of comfort similar to that of  luxury down filled products.<p> The topper is machine washable and has elastic corner straps for a secure fit and is suitable for mattresses up to 40cm deep.",
      "in_the_box": "1 {{ size }}.",
      "url": "",
      "product_type": "TPR",
      "product_code_root": "BSMTET"
    }
  },
  {
    "model": "product.product",
    "pk": 6,
    "fields": {
      "descriptive_content": "Pure Cotton Filling, Fitted Mattress Protector - {{size}} Bed.",
      "factory_description": "",
      "sage_description": "{{ sage_size }} BEDDING SPECIALIST COTTON COVER/CTN FILL MAT.PROTECTOR",
      "sage_category": 3,
      "material": "Cotton top, underside skirt and filling.",
      "ebay_material": "",
      "ebay_features": "",
      "ebay_type": "",
      "keywords": "matress;matrass;mattrass",
      "bullet_point_1": "Pure Cotton quilted Cover with pure Cotton Filling, for added luxury and comfort.",
      "bullet_point_2": "Percale cotton top, pure cotton underside, skirt and filling for those who desire natural products.",
      "bullet_point_3": "Naturally breathable - promotes a healthy and hygienic sleeping environment.",
      "bullet_point_4": "Soft, comfortable and non-allergenic. Machine washable.",
      "bullet_point_5": "Elasticated skirt (35 cm deep) for a secure fit.",
      "manufacturer_description": "For those who insist on natural products you will love this luxury pure\r\ncotton mattress protector. <p> The percale cotton cover has pure  cotton filling and the underside and 35 cm deep fitted skirt are also made of cotton. <p> Soft comfortable hygienic and naturally breathable.",
      "in_the_box": "1 {{ size }}.",
      "url": "",
      "product_type": "MP",
      "product_code_root": "BSCCMP"
    }
  },
  {
    "model": "product.product",
    "pk": 7,
    "fields": {
      "descriptive_content": "Egyptian Cotton Antibacterial Mattress Protector - {{size}} Bed.",
      "factory_description": "",
      "sage_description": "{{ sage_size }} BEDDING SPECIALIST EGYPT.CTN MATTRESS PROTECTOR",
      "sage_category": 2,
      "material": "Cotton top cover hollow fibre filling.",
      "ebay_material": "",
      "ebay_features": "",
      "ebay_type": "",
      "keywords": "matress;matrass;mattrass",
      "bullet_point_1": "Fitted Egyptian Cotton  Protector with environmentally friendly anti-allergy hollow fibre filling.",
      "bullet_point_2": "Proven to inhibit dust mites and certain moulds and bacteria - a major cause of allergens.",
      "bullet_point_3": "Promotes a healthy & hygienic sleeping environment - soft and comfortable to sleep on.",
      "bullet_point_4": "Luxury quilted cover protects and prolongs the life of your mattress.",
      "bullet_point_5": "Elasticated skirt for secure fit. Machine washable.",
      "manufacturer_description": "Luxury Egyptian Percale Cotton cover - environmentally friendly antibacterial hollow fibre filling - promotes a healthy and hygienic sleeping environment.  <p> Fitted with an elasticated skirt for secure fit. <p> Machine Washable.",
      "in_the_box": "1 {{ size }}.",
      "url": "",
      "product_type": "MP",
      "product_code_root": "BSECMP"
    }
  },
  {
    "model": "product.product",
    "pk": 8,
    "fields": {
      "descriptive_content": "Cotton Fresh Antibacterial Mattress Protector - {{size}} Bed.",
      "factory_description": "",
      "sage_description": "{{ sage_size }} BEDDING SPECIALIST COTTON FRESH MAT.PROTECTOR",
      "sage_category": 2,
      "material": "Cotton top cover hollow fibre filling.",
      "ebay_material": "",
      "ebay_features": "",
      "ebay_type": "",
      "keywords": "matress;matrass;mattrass",
      "bullet_point_1": "Luxury fitted mattress Protector with environmentally friendly anti-allergy hollow fibre filling.",
      "bullet_point_2": "Proven to inhibit dust mites and certain moulds and bacteria - a major cause of allergens.",
      "bullet_point_3": "Promotes a healthy & hygienic sleeping environment - soft and comfortable to sleep on.",
      "bullet_point_4": "Helps prevent a build up of bacteria & allergens in your mattress .",
      "bullet_point_5": "Elasticated skirt for secure fit. Machine washable.",
      "manufacturer_description": "Luxury fitted cotton mattress protector with soft environmentally friendly antibacterial hollow fibre filling. <p> Promotes a comfortable and hygienic sleeping environment while protecting and prolonging the life of your mattress. <p> The protector has an elasticated skirt for a secure fit and is machine washable.",
      "in_the_box": "1 {{ size }}.",
      "url": "",
      "product_type": "MP",
      "product_code_root": "BSPLHC"
    }
  },
  {
    "model": "product.product",
    "pk": 9,
    "fields": {
      "descriptive_content": "Anti-Allergy / Antibacterial Mattress Protector - {{size}} Bed.",
      "factory_description": "Pure Cotton Pile Waterproof Mattress Protector {[ factory_size }} (Towelling)",
      "sage_description": "{{ sage_size }} BEDDING SPECIALIST ANTI/A LUXURY MATTRESS PROTECTOR",
      "sage_category": 1,
      "material": "Polycotton cover with hollow fibre filling.",
      "ebay_material": "",
      "ebay_features": "",
      "ebay_type": "",
      "keywords": "matress;matrass;mattrass",
      "bullet_point_1": "Luxury fitted Mattress Protector with environmentally friendly anti-allergy hollow fibre filling.",
      "bullet_point_2": "Proven to inhibit dust mites and certain moulds and bacteria - a major cause of allergens.",
      "bullet_point_3": "Promotes a healthy & hygienic sleeping environment.",
      "bullet_point_4": "Luxury quilted cover protects and prolongs the life of your mattress.",
      "bullet_point_5": "Elasticated skirt for secure fit. Machine washable.",
      "manufacturer_description": "High quality fitted mattress protector with unique environmentally friendly anti-allergy / antibacterial filling. <p> Helps protect against dust\r\nmites and bacteria which are recognised as triggers for allergies such as asthma eczema and rhinitis. <p> Promotes a comfortable and hygienic sleeping environment while protecting and prolonging the life of your mattress. <p> Machine washable.",
      "in_the_box": "1 {{ size }}.",
      "url": "",
      "product_type": "MP",
      "product_code_root": "BSAQML"
    }
  },
  {
    "model": "product.product",
    "pk": 10,
    "fields": {
      "descriptive_content": "Quilted Waterproof Mattress protector - {{size}} Bed.",
      "factory_description": "",
      "sage_description": "{{ sage_size }} BEDDING SPECIALIST S/F W/P MICROFIBR MAT PROT",
      "sage_category": 57,
      "material": "Peach Soft Microfibre Cover with Breathable Waterproof Underside.",
      "ebay_material": "",
      "ebay_features": "",
      "ebay_type": "",
      "keywords": "matress;matrass;mattrass",
      "bullet_point_1": "Peach Soft Quilted Cover Provides comfort and  protects against liquid spills.",
      "bullet_point_2": "Breathable waterproof PU underside is soft and comfortable to sleep on.",
      "bullet_point_3": "Promotes a healthy & hygienic sleeping environment.",
      "bullet_point_4": "Helps prevent a build up of bacteria & allergens in your mattress.",
      "bullet_point_5": "Washable at 60\u00b0C - Fitted skirt ensures secure fit.",
      "manufacturer_description": "Luxury peach soft quilted breathable  waterproof mattress protector for added comfort and protection. <p> The products breathable qualities ensures that there is none of the clamminess associated with inferior waterproof protectors. <p> Luxuriously soft and comfortable the product has an elasticated fitted skirt for a secure fit and is machine washable.",
      "in_the_box": "1 {{ size }}.",
      "url": "",
      "product_type": "MP",
      "product_code_root": "BSWPMF"
    }
  },
  {
    "model": "product.product",
    "pk": 11,
    "fields": {
      "descriptive_content": "Waterproof Brushed Cotton Breathable Mattress Protector - {{size}} Bed.",
      "factory_description": "Brushed Cotton Waterproof Mattress Protector {{ factory_size }} (Towelling)",
      "sage_description": "{{ sage_size }} FTD BRUSHED COTN W/P  (B/SPECIALIST)",
      "sage_category": 57,
      "material": "Cotton, breathable PU.",
      "ebay_material": "Cotton, breathable PU.",
      "ebay_features": "Hypoallergenic, Machine Washable, Tumble Dry",
      "ebay_type": "Mattress Cover/Protector",
      "keywords": "matress;matrass;mattrass",
      "bullet_point_1": "Luxury fitted waterproof brushed cotton mattress protector.",
      "bullet_point_2": "Pure cotton with soft breathable waterproof underside - Protects against liquid spills.",
      "bullet_point_3": "Provides a barrier between the sleeper and the bacteria & allergens which can build up in mattresses.",
      "bullet_point_4": "Machine washable at 95\u00b0C - Stretch polyester skirt for a secure fit.",
      "bullet_point_5": "Helps create a healthier and more hygienic sleeping environment.",
      "manufacturer_description": "Luxury pure brushed cotton with breathable waterproof underside. <br/> Soft and absorbent surface. <br/>Many waterproof protectors are impervious which causes clamminess and discomfort. Ours ensures both comfort and protection, while providing  a shield against the  dust mites and bacteria which  are known to live in the average mattress. <br/> Elasticated stretch skirting ensures a snug fit.",
      "in_the_box": "1 Single",
      "url": "",
      "product_type": "MP",
      "product_code_root": "BCBS"
    }
  },
  {
    "model": "product.size",
    "pk": "CUS",
    "fields": {
      "sage_size": "99",
      "bed_size": "Custom Size",
      "imperial_width": null,
      "imperial_length": null,
      "metric_width": null,
      "metric_length": null,
      "amazon": "",
      "ebay": "",
      "description_long": "Custom size as per order",
      "comment": "Made to order"
    }
  },
  {
    "model": "product.size",
    "pk": "DBL",
    "fields": {
      "sage_size": "54",
      "bed_size": "Double",
      "imperial_width": "54.00",
      "imperial_length": "75.00",
      "metric_width": "135.00",
      "metric_length": "190.00",
      "amazon": "",
      "ebay": "",
      "description_long": "Double (135 x 190cm)",
      "comment": "Standard UK Double size"
    }
  },
  {
    "model": "product.size",
    "pk": "EDB",
    "fields": {
      "sage_size": "55",
      "bed_size": "European Double",
      "imperial_width": "55.00",
      "imperial_length": "200.00",
      "metric_width": "140.00",
      "metric_length": "200.00",
      "amazon": "European Double (140 x 200 cm)",
      "ebay": "",
      "description_long": "European Double (140 x 200 cm)",
      "comment": ""
    }
  },
  {
    "model": "product.size",
    "pk": "EKG",
    "fields": {
      "sage_size": "63",
      "bed_size": "European King",
      "imperial_width": "63.00",
      "imperial_length": "79.00",
      "metric_width": "160.00",
      "metric_length": "200.00",
      "amazon": "European King (160 x 200 cm)",
      "ebay": "",
      "description_long": "European King (160 x 200 cm)",
      "comment": ""
    }
  },
  {
    "model": "product.size",
    "pk": "ESG",
    "fields": {
      "sage_size": "37",
      "bed_size": "European Single",
      "imperial_width": "36.00",
      "imperial_length": "79.00",
      "metric_width": "90.00",
      "metric_length": "200.00",
      "amazon": "Euro Single (90 x 200 cm)",
      "ebay": "",
      "description_long": "Euro Single (90 x 200 cm)",
      "comment": "Ikea standard single?"
    }
  },
  {
    "model": "product.size",
    "pk": "ESN",
    "fields": {
      "sage_size": "31",
      "bed_size": "Euro Small Single",
      "imperial_width": "30.00",
      "imperial_length": "79.00",
      "metric_width": "75.00",
      "metric_length": "200.00",
      "amazon": "",
      "ebay": "",
      "description_long": "Euro Small Single ",
      "comment": ""
    }
  },
  {
    "model": "product.size",
    "pk": "ESS",
    "fields": {
      "sage_size": "32",
      "bed_size": "Euro Small Single Long",
      "imperial_width": "31.50",
      "imperial_length": "79.00",
      "metric_width": "80.00",
      "metric_length": "200.00",
      "amazon": "",
      "ebay": "",
      "description_long": "Euro Small Single Long",
      "comment": ""
    }
  },
  {
    "model": "product.size",
    "pk": "KNG",
    "fields": {
      "sage_size": "60",
      "bed_size": "King",
      "imperial_width": "60.00",
      "imperial_length": "79.00",
      "metric_width": "150.00",
      "metric_length": "200.00",
      "amazon": "UK King (150 x 200 cm)",
      "ebay": "",
      "description_long": "King (150 x 200cm)",
      "comment": "Standard UK King size"
    }
  },
  {
    "model": "product.size",
    "pk": "PIA",
    "fields": {
      "sage_size": "3x",
      "bed_size": "Euro Small Single",
      "imperial_width": "31.50",
      "imperial_length": "75.00",
      "metric_width": "80.00",
      "metric_length": "190.00",
      "amazon": "",
      "ebay": "",
      "description_long": "Euro Small Single",
      "comment": "Italian Una Piazza"
    }
  },
  {
    "model": "product.size",
    "pk": "PIC",
    "fields": {
      "sage_size": "24",
      "bed_size": "Camp bed",
      "imperial_width": "24.00",
      "imperial_length": "72.00",
      "metric_width": "61.00",
      "metric_length": "183.00",
      "amazon": "",
      "ebay": "",
      "description_long": "Pico mattress",
      "comment": ""
    }
  },
  {
    "model": "product.size",
    "pk": "PLX",
    "fields": {
      "sage_size": "26",
      "bed_size": "Luxury Square Pillow",
      "imperial_width": "26.00",
      "imperial_length": "26.00",
      "metric_width": "66.00",
      "metric_length": "66.00",
      "amazon": "",
      "ebay": "",
      "description_long": "Luxury Pillow (66 x 66 cm)",
      "comment": ""
    }
  },
  {
    "model": "product.size",
    "pk": "PSK",
    "fields": {
      "sage_size": "20",
      "bed_size": "Pillow Protector",
      "imperial_width": "20.00",
      "imperial_length": "36.00",
      "metric_width": null,
      "metric_length": null,
      "amazon": "",
      "ebay": "",
      "description_long": "Super King Pillow",
      "comment": "Used for Super King Pillow Protectors"
    }
  },
  {
    "model": "product.size",
    "pk": "SDB",
    "fields": {
      "sage_size": "48",
      "bed_size": "Small Double",
      "imperial_width": "48.00",
      "imperial_length": "75.00",
      "metric_width": "120.00",
      "metric_length": "190.00",
      "amazon": "Small Double (120 x 190 cm)",
      "ebay": "",
      "description_long": "Small Double (120 x 190 cm)",
      "comment": ""
    }
  },
  {
    "model": "product.size",
    "pk": "SES",
    "fields": {
      "sage_size": "31.5",
      "bed_size": "Euro Small Single Short",
      "imperial_width": "31.50",
      "imperial_length": "72.00",
      "metric_width": "80.00",
      "metric_length": "183.00",
      "amazon": "",
      "ebay": "",
      "description_long": "Short Euro Single",
      "comment": ""
    }
  },
  {
    "model": "product.size",
    "pk": "SGL",
    "fields": {
      "sage_size": "36",
      "bed_size": "Single",
      "imperial_width": "36.00",
      "imperial_length": "75.00",
      "metric_width": "90.00",
      "metric_length": "190.00",
      "amazon": "Single (90 x 190cm)",
      "ebay": "",
      "description_long": "Single (90 x 190cm)",
      "comment": "Standard UK Single size"
    }
  },
  {
    "model": "product.size",
    "pk": "SKG",
    "fields": {
      "sage_size": "72",
      "bed_size": "Super King",
      "imperial_width": "72.00",
      "imperial_length": "79.00",
      "metric_width": "180.00",
      "metric_length": "200.00",
      "amazon": "Super King (180 x 200 cm)",
      "ebay": "",
      "description_long": "Super King (180 x 200cm)",
      "comment": "Standard UK Super King size"
    }
  },
  {
    "model": "product.size",
    "pk": "SSF",
    "fields": {
      "sage_size": "28",
      "bed_size": "Full enclosed slim single",
      "imperial_width": "27.00",
      "imperial_length": "75.00",
      "metric_width": "69.00",
      "metric_length": "190.00",
      "amazon": "",
      "ebay": "",
      "description_long": "Fully enclosed slim single bed",
      "comment": ""
    }
  },
  {
    "model": "product.size",
    "pk": "SSG",
    "fields": {
      "sage_size": "30",
      "bed_size": "Small Single",
      "imperial_width": "30.00",
      "imperial_length": "75.00",
      "metric_width": "75.00",
      "metric_length": "190.00",
      "amazon": "Small Single (75 x 190 cm)",
      "ebay": "",
      "description_long": "Small Single (75 x 190 cm)",
      "comment": "Standard UK Bunk size"
    }
  },
  {
    "model": "product.size",
    "pk": "TOD",
    "fields": {
      "sage_size": "27",
      "bed_size": "Toddler",
      "imperial_width": "27.00",
      "imperial_length": "55.00",
      "metric_width": "70.00",
      "metric_length": "140.00",
      "amazon": "Toddler",
      "ebay": "",
      "description_long": "Toddler (70 x 140 cm)",
      "comment": ""
    }
  },
  {
    "model": "product.size",
    "pk": "UNK",
    "fields": {
      "sage_size": "XX",
      "bed_size": "Unknown",
      "imperial_width": null,
      "imperial_length": null,
      "metric_width": null,
      "metric_length": null,
      "amazon": "",
      "ebay": "",
      "description_long": "Unknown size of bed",
      "comment": "Default for unknown size"
    }
  },
  {
    "model": "product.material",
    "pk": 1,
    "fields": {
      "description": "Egyptian Percale Cotton",
      "material": "Egyptian Percale Cotton",
      "thread_count": "180.00",
      "weight": "0.00",
      "coating": "None"
    }
  },
  {
    "model": "product.material",
    "pk": 2,
    "fields": {
      "description": "Non woven polypropylene",
      "material": "Nonwoven Polypropylene",
      "thread_count": "0.00",
      "weight": "40.00",
      "coating": "None"
    }
  },
  {
    "model": "product.sku",
    "pk": 1,
    "fields": {
      "product": 1,
      "variant": "SGL",
      "colour": "White",
      "factory_sku_description": "",
      "url": "http://www.amazon.co.uk/gp/product/B015DW4NMA",
      "vendor_product_id": "BSTPSO36",
      "barcode": "5029280064033",
      "asin": "B015DW4NMA",
      "slf_cost_price": "2.71",
      "cost_price": "4.60",
      "rrp": "30.00",
      "length": "36.00",
      "width": "27.00",
      "height": "4.00",
      "weight": "0.54",
      "qty_per_box": null,
      "keywords": "",
      "launch_date": "2015-10-01",
      "release_date": "2015-10-15",
      "bullet_point_1": "",
      "bullet_point_2": "",
      "bullet_point_3": "Stretch polyester skirt to fit single bed.",
      "bullet_point_4": "",
      "bullet_point_5": "",
      "in_the_box": "1 Single waterproof towelling mattress protector"
    }
  },
  {
    "model": "product.sku",
    "pk": 2,
    "fields": {
      "product": 1,
      "variant": "DBL",
      "colour": "White",
      "factory_sku_description": "",
      "url": "http://www.amazon.co.uk/gp/product/B015DW4MPS",
      "vendor_product_id": "BSTPSO54",
      "barcode": "5029280064040",
      "asin": "B015DW4MPS",
      "slf_cost_price": "3.69",
      "cost_price": "6.25",
      "rrp": "45.00",
      "length": "36.00",
      "width": "27.00",
      "height": "5.50",
      "weight": "0.76",
      "qty_per_box": null,
      "keywords": "",
      "launch_date": "2015-10-01",
      "release_date": "2015-10-15",
      "bullet_point_1": "",
      "bullet_point_2": "",
      "bullet_point_3": "Stretch polyester skirt to fit double bed.",
      "bullet_point_4": "",
      "bullet_point_5": "",
      "in_the_box": "1 Double waterproof towelling mattress protector"
    }
  },
  {
    "model": "product.sku",
    "pk": 4,
    "fields": {
      "product": 2,
      "variant": "SGL",
      "colour": "White",
      "factory_sku_description": "",
      "url": "http://www.amazon.co.uk/gp/product/B017KHQP22",
      "vendor_product_id": "BSECMT36",
      "barcode": "5029280063715",
      "asin": "B017KHQP22",
      "slf_cost_price": "5.94",
      "cost_price": "9.99",
      "rrp": "24.95",
      "length": "44.00",
      "width": "35.00",
      "height": "19.00",
      "weight": "1.02",
      "qty_per_box": null,
      "keywords": "mattrasss",
      "launch_date": "2015-10-21",
      "release_date": "2015-10-21",
      "bullet_point_1": "",
      "bullet_point_2": "",
      "bullet_point_3": "",
      "bullet_point_4": "",
      "bullet_point_5": "",
      "in_the_box": ""
    }
  },
  {
    "model": "product.sku",
    "pk": 5,
    "fields": {
      "product": 2,
      "variant": "DBL",
      "colour": "White",
      "factory_sku_description": "",
      "url": "http://www.amazon.co.uk/gp/product/B017KHQY96",
      "vendor_product_id": "BSECMT54",
      "barcode": "5029280063722",
      "asin": "B017KHQY96",
      "slf_cost_price": "7.80",
      "cost_price": "13.25",
      "rrp": "29.95",
      "length": "44.00",
      "width": "35.00",
      "height": "20.00",
      "weight": "1.57",
      "qty_per_box": null,
      "keywords": "mattrasss",
      "launch_date": "2015-10-21",
      "release_date": "2015-10-21",
      "bullet_point_1": "",
      "bullet_point_2": "",
      "bullet_point_3": "",
      "bullet_point_4": "",
      "bullet_point_5": "",
      "in_the_box": ""
    }
  },
  {
    "model": "product.sku",
    "pk": 6,
    "fields": {
      "product": 2,
      "variant": "KNG",
      "colour": "White",
      "factory_sku_description": "",
      "url": "http://www.amazon.co.uk/gp/product/B017KHQTR8",
      "vendor_product_id": "BSECMT60",
      "barcode": "5029280063739",
      "asin": "B017KHQTR8",
      "slf_cost_price": "8.78",
      "cost_price": "14.95",
      "rrp": "34.95",
      "length": "44.00",
      "width": "35.00",
      "height": "23.00",
      "weight": "1.72",
      "qty_per_box": null,
      "keywords": "mattrasss",
      "launch_date": "2015-10-21",
      "release_date": "2015-10-21",
      "bullet_point_1": "",
      "bullet_point_2": "",
      "bullet_point_3": "",
      "bullet_point_4": "",
      "bullet_point_5": "",
      "in_the_box": ""
    }
  },
  {
    "model": "product.sku",
    "pk": 7,
    "fields": {
      "product": 2,
      "variant": "SKG",
      "colour": "White",
      "factory_sku_description": "",
      "url": "http://www.amazon.co.uk/gp/product/B017KHR2MY",
      "vendor_product_id": "BSECMT72",
      "barcode": "5029280063746",
      "asin": "B017KHR2MY",
      "slf_cost_price": "10.59",
      "cost_price": "17.50",
      "rrp": "39.95",
      "length": "44.00",
      "width": "35.00",
      "height": "24.00",
      "weight": "1.88",
      "qty_per_box": null,
      "keywords": "mattrasss",
      "launch_date": "2015-10-21",
      "release_date": "2015-10-21",
      "bullet_point_1": "",
      "bullet_point_2": "",
      "bullet_point_3": "",
      "bullet_point_4": "",
      "bullet_point_5": "",
      "in_the_box": ""
    }
  },
  {
    "model": "product.sku",
    "pk": 8,
    "fields": {
      "product": 3,
      "variant": "SGL",
      "colour": "White",
      "factory_sku_description": "",
      "url": "http://www.amazon.co.uk/gp/product/B017KHQXX8",
      "vendor_product_id": "BSAQTL36",
      "barcode": "5029280063753",
      "asin": "B017KHQXX8",
      "slf_cost_price": "4.98",
      "cost_price": "7.95",
      "rrp": "19.95",
      "length": "40.00",
      "width": "37.00",
      "height": "17.50",
      "weight": "1.02",
      "qty_per_box": null,
      "keywords": "mattrasss",
      "launch_date": "2015-10-21",
      "release_date": "2015-10-21",
      "bullet_point_1": "",
      "bullet_point_2": "",
      "bullet_point_3": "",
      "bullet_point_4": "",
      "bullet_point_5": "",
      "in_the_box": ""
    }
  },
  {
    "model": "product.sku",
    "pk": 9,
    "fields": {
      "product": 3,
      "variant": "DBL",
      "colour": "White",
      "factory_sku_description": "",
      "url": "http://www.amazon.co.uk/gp/product/B017KHR2Q0",
      "vendor_product_id": "BSAQTL54",
      "barcode": "5029280063760",
      "asin": "B017KHR2Q0",
      "slf_cost_price": "6.65",
      "cost_price": "10.60",
      "rrp": "24.95",
      "length": "40.00",
      "width": "37.00",
      "height": "22.00",
      "weight": "1.50",
      "qty_per_box": null,
      "keywords": "mattrasss",
      "launch_date": "2015-10-21",
      "release_date": "2015-10-21",
      "bullet_point_1": "",
      "bullet_point_2": "",
      "bullet_point_3": "",
      "bullet_point_4": "",
      "bullet_point_5": "",
      "in_the_box": ""
    }
  },
  {
    "model": "product.sku",
    "pk": 10,
    "fields": {
      "product": 3,
      "variant": "KNG",
      "colour": "White",
      "factory_sku_description": "",
      "url": "http://www.amazon.co.uk/gp/product/B017KHQOWS",
      "vendor_product_id": "BSAQTL60",
      "barcode": "5029280063777",
      "asin": "B017KHQOWS",
      "slf_cost_price": "7.27",
      "cost_price": "11.60",
      "rrp": "29.95",
      "length": "40.00",
      "width": "37.00",
      "height": "24.00",
      "weight": "1.67",
      "qty_per_box": null,
      "keywords": "mattrasss",
      "launch_date": "2015-10-21",
      "release_date": "2015-10-21",
      "bullet_point_1": "",
      "bullet_point_2": "",
      "bullet_point_3": "",
      "bullet_point_4": "",
      "bullet_point_5": "",
      "in_the_box": ""
    }
  },
  {
    "model": "product.sku",
    "pk": 11,
    "fields": {
      "product": 3,
      "variant": "SKG",
      "colour": "White",
      "factory_sku_description": "",
      "url": "http://www.amazon.co.uk/gp/product/B017KHRCKQ",
      "vendor_product_id": "BSAQTL72",
      "barcode": "5029280063784",
      "asin": "B017KHRCKQ",
      "slf_cost_price": "8.59",
      "cost_price": "13.99",
      "rrp": "34.95",
      "length": "40.00",
      "width": "37.00",
      "height": "26.00",
      "weight": "2.05",
      "qty_per_box": null,
      "keywords": "mattrasss",
      "launch_date": "2015-10-21",
      "release_date": "2015-10-21",
      "bullet_point_1": "",
      "bullet_point_2": "",
      "bullet_point_3": "",
      "bullet_point_4": "",
      "bullet_point_5": "",
      "in_the_box": ""
    }
  },
  {
    "model": "product.sku",
    "pk": 12,
    "fields": {
      "product": 4,
      "variant": "SGL",
      "colour": "White",
      "factory_sku_description": "",
      "url": "http://www.amazon.co.uk/gp/product/B017KHR7Y2",
      "vendor_product_id": "BSMFMT36",
      "barcode": "5029280063791",
      "asin": "B017KHR7Y2",
      "slf_cost_price": "4.83",
      "cost_price": "8.50",
      "rrp": "19.95",
      "length": "40.00",
      "width": "59.00",
      "height": "16.00",
      "weight": "1.00",
      "qty_per_box": null,
      "keywords": "mattrasss",
      "launch_date": "2015-10-21",
      "release_date": "2015-10-21",
      "bullet_point_1": "",
      "bullet_point_2": "",
      "bullet_point_3": "",
      "bullet_point_4": "",
      "bullet_point_5": "",
      "in_the_box": ""
    }
  },
  {
    "model": "product.sku",
    "pk": 13,
    "fields": {
      "product": 4,
      "variant": "DBL",
      "colour": "White",
      "factory_sku_description": "",
      "url": "http://www.amazon.co.uk/gp/product/B017KHRCHY",
      "vendor_product_id": "BSMFMT54",
      "barcode": "5029280063807",
      "asin": "B017KHRCHY",
      "slf_cost_price": "6.80",
      "cost_price": "11.95",
      "rrp": "24.95",
      "length": "40.00",
      "width": "59.00",
      "height": "16.50",
      "weight": "1.37",
      "qty_per_box": null,
      "keywords": "mattrasss",
      "launch_date": "2015-10-21",
      "release_date": "2015-10-21",
      "bullet_point_1": "",
      "bullet_point_2": "",
      "bullet_point_3": "",
      "bullet_point_4": "",
      "bullet_point_5": "",
      "in_the_box": ""
    }
  },
  {
    "model": "product.sku",
    "pk": 14,
    "fields": {
      "product": 4,
      "variant": "KNG",
      "colour": "White",
      "factory_sku_description": "",
      "url": "http://www.amazon.co.uk/gp/product/B017KHR8AA",
      "vendor_product_id": "BSMFMT60",
      "barcode": "5029280063814",
      "asin": "B017KHR8AA",
      "slf_cost_price": "7.20",
      "cost_price": "12.65",
      "rrp": "29.95",
      "length": "40.00",
      "width": "59.00",
      "height": "17.00",
      "weight": "1.52",
      "qty_per_box": null,
      "keywords": "mattrasss",
      "launch_date": "2015-10-21",
      "release_date": "2015-10-21",
      "bullet_point_1": "",
      "bullet_point_2": "",
      "bullet_point_3": "",
      "bullet_point_4": "",
      "bullet_point_5": "",
      "in_the_box": ""
    }
  },
  {
    "model": "product.sku",
    "pk": 15,
    "fields": {
      "product": 4,
      "variant": "SKG",
      "colour": "White",
      "factory_sku_description": "",
      "url": "http://www.amazon.co.uk/gp/product/B017KHRCBA",
      "vendor_product_id": "BSMFMT72",
      "barcode": "5029280063821",
      "asin": "B017KHRCBA",
      "slf_cost_price": "8.36",
      "cost_price": "14.65",
      "rrp": "34.95",
      "length": "40.00",
      "width": "59.00",
      "height": "17.50",
      "weight": "1.76",
      "qty_per_box": null,
      "keywords": "mattrasss",
      "launch_date": "2015-10-21",
      "release_date": "2015-10-21",
      "bullet_point_1": "",
      "bullet_point_2": "",
      "bullet_point_3": "",
      "bullet_point_4": "",
      "bullet_point_5": "",
      "in_the_box": ""
    }
  },
  {
    "model": "product.sku",
    "pk": 16,
    "fields": {
      "product": 5,
      "variant": "SGL",
      "colour": "White",
      "factory_sku_description": "",
      "url": "http://www.amazon.co.uk/gp/product/B017KHR7PG",
      "vendor_product_id": "BSMTET36",
      "barcode": "5029280063838",
      "asin": "B017KHR7PG",
      "slf_cost_price": "6.70",
      "cost_price": "11.20",
      "rrp": "24.95",
      "length": "45.00",
      "width": "51.00",
      "height": "17.00",
      "weight": "1.58",
      "qty_per_box": null,
      "keywords": "mattrasss",
      "launch_date": "2015-10-21",
      "release_date": "2015-10-21",
      "bullet_point_1": "",
      "bullet_point_2": "",
      "bullet_point_3": "",
      "bullet_point_4": "",
      "bullet_point_5": "",
      "in_the_box": ""
    }
  },
  {
    "model": "product.sku",
    "pk": 17,
    "fields": {
      "product": 5,
      "variant": "DBL",
      "colour": "White",
      "factory_sku_description": "",
      "url": "http://www.amazon.co.uk/gp/product/B017KHR7M4",
      "vendor_product_id": "BSMTET54",
      "barcode": "5029280063845",
      "asin": "B017KHR7M4",
      "slf_cost_price": "8.87",
      "cost_price": "14.90",
      "rrp": "29.95",
      "length": "45.00",
      "width": "51.00",
      "height": "21.50",
      "weight": "2.20",
      "qty_per_box": null,
      "keywords": "mattrasss",
      "launch_date": "2015-10-21",
      "release_date": "2015-10-21",
      "bullet_point_1": "",
      "bullet_point_2": "",
      "bullet_point_3": "",
      "bullet_point_4": "",
      "bullet_point_5": "",
      "in_the_box": ""
    }
  },
  {
    "model": "product.sku",
    "pk": 18,
    "fields": {
      "product": 5,
      "variant": "KNG",
      "colour": "White",
      "factory_sku_description": "",
      "url": "http://www.amazon.co.uk/gp/product/B017KHRHNS",
      "vendor_product_id": "BSMTET60",
      "barcode": "5029280063852",
      "asin": "B017KHRHNS",
      "slf_cost_price": "9.54",
      "cost_price": "16.40",
      "rrp": "34.95",
      "length": "45.00",
      "width": "51.00",
      "height": "22.00",
      "weight": "2.51",
      "qty_per_box": null,
      "keywords": "mattrasss",
      "launch_date": "2015-10-21",
      "release_date": "2015-10-21",
      "bullet_point_1": "",
      "bullet_point_2": "",
      "bullet_point_3": "",
      "bullet_point_4": "",
      "bullet_point_5": "",
      "in_the_box": ""
    }
  },
  {
    "model": "product.sku",
    "pk": 19,
    "fields": {
      "product": 5,
      "variant": "SKG",
      "colour": "White",
      "factory_sku_description": "",
      "url": "http://www.amazon.co.uk/gp/product/B017KHRHCY",
      "vendor_product_id": "BSMTET72",
      "barcode": "5029280063869",
      "asin": "B017KHRHCY",
      "slf_cost_price": "10.89",
      "cost_price": "18.30",
      "rrp": "39.95",
      "length": "45.00",
      "width": "53.00",
      "height": "23.50",
      "weight": "2.70",
      "qty_per_box": null,
      "keywords": "mattrasss",
      "launch_date": "2015-10-21",
      "release_date": "2015-10-21",
      "bullet_point_1": "",
      "bullet_point_2": "",
      "bullet_point_3": "",
      "bullet_point_4": "",
      "bullet_point_5": "",
      "in_the_box": ""
    }
  },
  {
    "model": "product.sku",
    "pk": 20,
    "fields": {
      "product": 6,
      "variant": "SGL",
      "colour": "White",
      "factory_sku_description": "",
      "url": "http://www.amazon.co.uk/gp/product/B017KHRHIS",
      "vendor_product_id": "BSCCMP36",
      "barcode": "5029280063876",
      "asin": "B017KHRHIS",
      "slf_cost_price": "6.14",
      "cost_price": "10.60",
      "rrp": "45.00",
      "length": "34.00",
      "width": "44.00",
      "height": "7.00",
      "weight": "1.13",
      "qty_per_box": null,
      "keywords": "mattrasss",
      "launch_date": "2015-10-21",
      "release_date": "2015-10-21",
      "bullet_point_1": "",
      "bullet_point_2": "",
      "bullet_point_3": "",
      "bullet_point_4": "",
      "bullet_point_5": "",
      "in_the_box": ""
    }
  },
  {
    "model": "product.sku",
    "pk": 21,
    "fields": {
      "product": 6,
      "variant": "DBL",
      "colour": "White",
      "factory_sku_description": "",
      "url": "http://www.amazon.co.uk/gp/product/B017KHRHKG",
      "vendor_product_id": "BSCCMP54",
      "barcode": "5029280063883",
      "asin": "B017KHRHKG",
      "slf_cost_price": "8.41",
      "cost_price": "14.20",
      "rrp": "60.00",
      "length": "34.00",
      "width": "44.00",
      "height": "8.00",
      "weight": "1.60",
      "qty_per_box": null,
      "keywords": "mattrasss",
      "launch_date": "2015-10-21",
      "release_date": "2015-10-21",
      "bullet_point_1": "",
      "bullet_point_2": "",
      "bullet_point_3": "",
      "bullet_point_4": "",
      "bullet_point_5": "",
      "in_the_box": ""
    }
  },
  {
    "model": "product.sku",
    "pk": 22,
    "fields": {
      "product": 6,
      "variant": "KNG",
      "colour": "White",
      "factory_sku_description": "",
      "url": "http://www.amazon.co.uk/gp/product/B017KHRHL0",
      "vendor_product_id": "BSCCMP60",
      "barcode": "5029280063890",
      "asin": "B017KHRHL0",
      "slf_cost_price": "9.60",
      "cost_price": "16.25",
      "rrp": "70.00",
      "length": "34.00",
      "width": "44.00",
      "height": "9.00",
      "weight": "1.78",
      "qty_per_box": null,
      "keywords": "mattrasss",
      "launch_date": "2015-10-21",
      "release_date": "2015-10-21",
      "bullet_point_1": "",
      "bullet_point_2": "",
      "bullet_point_3": "",
      "bullet_point_4": "",
      "bullet_point_5": "",
      "in_the_box": ""
    }
  },
  {
    "model": "product.sku",
    "pk": 23,
    "fields": {
      "product": 6,
      "variant": "SKG",
      "colour": "White",
      "factory_sku_description": "",
      "url": "http://www.amazon.co.uk/gp/product/B017KHRLPM",
      "vendor_product_id": "BSCCMP72",
      "barcode": "5029280063906",
      "asin": "B017KHRLPM",
      "slf_cost_price": "11.47",
      "cost_price": "17.95",
      "rrp": "85.00",
      "length": "34.00",
      "width": "44.00",
      "height": "9.50",
      "weight": "2.05",
      "qty_per_box": null,
      "keywords": "mattrasss",
      "launch_date": "2015-10-21",
      "release_date": "2015-10-21",
      "bullet_point_1": "",
      "bullet_point_2": "",
      "bullet_point_3": "",
      "bullet_point_4": "",
      "bullet_point_5": "",
      "in_the_box": ""
    }
  },
  {
    "model": "product.sku",
    "pk": 24,
    "fields": {
      "product": 7,
      "variant": "SGL",
      "colour": "White",
      "factory_sku_description": "",
      "url": "http://www.amazon.co.uk/gp/product/B017H86MFY",
      "vendor_product_id": "BSECMP36",
      "barcode": "5029280063913",
      "asin": "B017H86MFY",
      "slf_cost_price": "4.23",
      "cost_price": "6.95",
      "rrp": "14.95",
      "length": "36.00",
      "width": "43.50",
      "height": "9.00",
      "weight": "0.92",
      "qty_per_box": null,
      "keywords": "mattrasss",
      "launch_date": "2015-10-21",
      "release_date": "2015-10-21",
      "bullet_point_1": "",
      "bullet_point_2": "",
      "bullet_point_3": "",
      "bullet_point_4": "",
      "bullet_point_5": "",
      "in_the_box": ""
    }
  },
  {
    "model": "product.sku",
    "pk": 25,
    "fields": {
      "product": 7,
      "variant": "DBL",
      "colour": "White",
      "factory_sku_description": "",
      "url": "http://www.amazon.co.uk/gp/product/B017H86LI2",
      "vendor_product_id": "BSECMP54",
      "barcode": "5029280063920",
      "asin": "B017H86LI2",
      "slf_cost_price": "5.77",
      "cost_price": "9.60",
      "rrp": "19.95",
      "length": "36.00",
      "width": "43.50",
      "height": "9.50",
      "weight": "1.07",
      "qty_per_box": null,
      "keywords": "mattrasss",
      "launch_date": "2015-10-21",
      "release_date": "2015-10-21",
      "bullet_point_1": "",
      "bullet_point_2": "",
      "bullet_point_3": "",
      "bullet_point_4": "",
      "bullet_point_5": "",
      "in_the_box": ""
    }
  },
  {
    "model": "product.sku",
    "pk": 26,
    "fields": {
      "product": 7,
      "variant": "KNG",
      "colour": "White",
      "factory_sku_description": "",
      "url": "http://www.amazon.co.uk/gp/product/B017H86MWM",
      "vendor_product_id": "BSECMP60",
      "barcode": "5029280063937",
      "asin": "B017H86MWM",
      "slf_cost_price": "6.25",
      "cost_price": "10.35",
      "rrp": "24.95",
      "length": "36.00",
      "width": "43.50",
      "height": "11.50",
      "weight": "1.26",
      "qty_per_box": null,
      "keywords": "mattrasss",
      "launch_date": "2015-10-21",
      "release_date": "2015-10-21",
      "bullet_point_1": "",
      "bullet_point_2": "",
      "bullet_point_3": "",
      "bullet_point_4": "",
      "bullet_point_5": "",
      "in_the_box": ""
    }
  },
  {
    "model": "product.sku",
    "pk": 27,
    "fields": {
      "product": 7,
      "variant": "SKG",
      "colour": "White",
      "factory_sku_description": "",
      "url": "http://www.amazon.co.uk/gp/product/B017H86LEG",
      "vendor_product_id": "BSECMP72",
      "barcode": "5029280063944",
      "asin": "B017H86LEG",
      "slf_cost_price": "7.26",
      "cost_price": "12.10",
      "rrp": "29.95",
      "length": "36.00",
      "width": "43.50",
      "height": "12.50",
      "weight": "1.35",
      "qty_per_box": null,
      "keywords": "mattrasss",
      "launch_date": "2015-10-21",
      "release_date": "2015-10-21",
      "bullet_point_1": "",
      "bullet_point_2": "",
      "bullet_point_3": "",
      "bullet_point_4": "",
      "bullet_point_5": "",
      "in_the_box": ""
    }
  },
  {
    "model": "product.sku",
    "pk": 28,
    "fields": {
      "product": 8,
      "variant": "SGL",
      "colour": "White",
      "factory_sku_description": "",
      "url": "http://www.amazon.co.uk/gp/product/B017KHRHJ2",
      "vendor_product_id": "BSPLHC36",
      "barcode": "5029280063951",
      "asin": "B017KHRHJ2",
      "slf_cost_price": "3.87",
      "cost_price": "6.30",
      "rrp": "14.95",
      "length": "35.00",
      "width": "43.00",
      "height": "8.00",
      "weight": "0.92",
      "qty_per_box": null,
      "keywords": "mattrasss",
      "launch_date": "2015-10-21",
      "release_date": "2015-10-21",
      "bullet_point_1": "",
      "bullet_point_2": "",
      "bullet_point_3": "",
      "bullet_point_4": "",
      "bullet_point_5": "",
      "in_the_box": ""
    }
  },
  {
    "model": "product.sku",
    "pk": 29,
    "fields": {
      "product": 8,
      "variant": "DBL",
      "colour": "White",
      "factory_sku_description": "",
      "url": "http://www.amazon.co.uk/gp/product/B017KHRQ5M",
      "vendor_product_id": "BSPLHC54",
      "barcode": "5029280063968",
      "asin": "B017KHRQ5M",
      "slf_cost_price": "5.14",
      "cost_price": "8.35",
      "rrp": "17.95",
      "length": "35.00",
      "width": "43.00",
      "height": "9.00",
      "weight": "1.25",
      "qty_per_box": null,
      "keywords": "mattrasss",
      "launch_date": "2015-10-21",
      "release_date": "2015-10-21",
      "bullet_point_1": "",
      "bullet_point_2": "",
      "bullet_point_3": "",
      "bullet_point_4": "",
      "bullet_point_5": "",
      "in_the_box": ""
    }
  },
  {
    "model": "product.sku",
    "pk": 30,
    "fields": {
      "product": 8,
      "variant": "KNG",
      "colour": "White",
      "factory_sku_description": "",
      "url": "http://www.amazon.co.uk/gp/product/B017KHRQ2A",
      "vendor_product_id": "BSPLHC60",
      "barcode": "5029280063975",
      "asin": "B017KHRQ2A",
      "slf_cost_price": "5.61",
      "cost_price": "9.10",
      "rrp": "22.45",
      "length": "35.00",
      "width": "43.00",
      "height": "10.00",
      "weight": "1.31",
      "qty_per_box": null,
      "keywords": "mattrasss",
      "launch_date": "2015-10-21",
      "release_date": "2015-10-21",
      "bullet_point_1": "",
      "bullet_point_2": "",
      "bullet_point_3": "",
      "bullet_point_4": "",
      "bullet_point_5": "",
      "in_the_box": ""
    }
  },
  {
    "model": "product.sku",
    "pk": 31,
    "fields": {
      "product": 8,
      "variant": "SKG",
      "colour": "White",
      "factory_sku_description": "",
      "url": "http://www.amazon.co.uk/gp/product/B017KHRPSA",
      "vendor_product_id": "BSPLHC72",
      "barcode": "5029280063982",
      "asin": "B017KHRPSA",
      "slf_cost_price": "6.76",
      "cost_price": "10.55",
      "rrp": "27.45",
      "length": "35.00",
      "width": "43.00",
      "height": "12.00",
      "weight": "1.52",
      "qty_per_box": null,
      "keywords": "mattrasss",
      "launch_date": "2015-10-21",
      "release_date": "2015-10-21",
      "bullet_point_1": "",
      "bullet_point_2": "",
      "bullet_point_3": "",
      "bullet_point_4": "",
      "bullet_point_5": "",
      "in_the_box": ""
    }
  },
  {
    "model": "product.sku",
    "pk": 32,
    "fields": {
      "product": 9,
      "variant": "SGL",
      "colour": "White",
      "factory_sku_description": "",
      "url": "http://www.amazon.co.uk/gp/product/B017KHRU6M",
      "vendor_product_id": "BSAQML36",
      "barcode": "5029280063999",
      "asin": "B017KHRU6M",
      "slf_cost_price": "3.29",
      "cost_price": "5.70",
      "rrp": "12.45",
      "length": "35.00",
      "width": "44.00",
      "height": "6.00",
      "weight": "0.74",
      "qty_per_box": null,
      "keywords": "mattrasss",
      "launch_date": "2015-10-21",
      "release_date": "2015-10-21",
      "bullet_point_1": "",
      "bullet_point_2": "",
      "bullet_point_3": "",
      "bullet_point_4": "",
      "bullet_point_5": "",
      "in_the_box": ""
    }
  },
  {
    "model": "product.sku",
    "pk": 33,
    "fields": {
      "product": 9,
      "variant": "DBL",
      "colour": "White",
      "factory_sku_description": "",
      "url": "http://www.amazon.co.uk/gp/product/B017KHRXXW",
      "vendor_product_id": "BSAQML54",
      "barcode": "5029280064002",
      "asin": "B017KHRXXW",
      "slf_cost_price": "4.48",
      "cost_price": "7.40",
      "rrp": "14.95",
      "length": "35.00",
      "width": "44.00",
      "height": "8.00",
      "weight": "1.03",
      "qty_per_box": null,
      "keywords": "mattrasss",
      "launch_date": "2015-10-21",
      "release_date": "2015-10-21",
      "bullet_point_1": "",
      "bullet_point_2": "",
      "bullet_point_3": "",
      "bullet_point_4": "",
      "bullet_point_5": "",
      "in_the_box": ""
    }
  },
  {
    "model": "product.sku",
    "pk": 34,
    "fields": {
      "product": 9,
      "variant": "KNG",
      "colour": "White",
      "factory_sku_description": "",
      "url": "http://www.amazon.co.uk/gp/product/B017KHRYAO",
      "vendor_product_id": "BSAQML60",
      "barcode": "5029280064019",
      "asin": "B017KHRYAO",
      "slf_cost_price": "4.88",
      "cost_price": "8.10",
      "rrp": "17.95",
      "length": "35.00",
      "width": "44.00",
      "height": "10.00",
      "weight": "1.14",
      "qty_per_box": null,
      "keywords": "mattrasss",
      "launch_date": "2015-10-21",
      "release_date": "2015-10-21",
      "bullet_point_1": "",
      "bullet_point_2": "",
      "bullet_point_3": "",
      "bullet_point_4": "",
      "bullet_point_5": "",
      "in_the_box": ""
    }
  },
  {
    "model": "product.sku",
    "pk": 35,
    "fields": {
      "product": 9,
      "variant": "SKG",
      "colour": "White",
      "factory_sku_description": "",
      "url": "http://www.amazon.co.uk/gp/product/B017KHRY36",
      "vendor_product_id": "BSAQML72",
      "barcode": "5029280064026",
      "asin": "B017KHRY36",
      "slf_cost_price": "5.46",
      "cost_price": "9.20",
      "rrp": "19.95",
      "length": "35.00",
      "width": "44.00",
      "height": "11.50",
      "weight": "1.40",
      "qty_per_box": null,
      "keywords": "mattrasss",
      "launch_date": "2015-10-21",
      "release_date": "2015-10-21",
      "bullet_point_1": "",
      "bullet_point_2": "",
      "bullet_point_3": "",
      "bullet_point_4": "",
      "bullet_point_5": "",
      "in_the_box": ""
    }
  },
  {
    "model": "product.sku",
    "pk": 36,
    "fields": {
      "product": 1,
      "variant": "KNG",
      "colour": "White",
      "factory_sku_description": "",
      "url": "http://www.amazon.co.uk/gp/product/B015DW4GK4",
      "vendor_product_id": "BSTPSO60",
      "barcode": "5029280064057",
      "asin": "B015DW4GK4",
      "slf_cost_price": "4.00",
      "cost_price": "6.95",
      "rrp": "50.00",
      "length": "36.00",
      "width": "27.00",
      "height": "7.00",
      "weight": "0.86",
      "qty_per_box": null,
      "keywords": "mattrasss",
      "launch_date": "2015-10-21",
      "release_date": "2015-10-21",
      "bullet_point_1": "",
      "bullet_point_2": "",
      "bullet_point_3": "",
      "bullet_point_4": "",
      "bullet_point_5": "",
      "in_the_box": ""
    }
  },
  {
    "model": "product.sku",
    "pk": 37,
    "fields": {
      "product": 1,
      "variant": "SKG",
      "colour": "White",
      "factory_sku_description": "",
      "url": "http://www.amazon.co.uk/gp/product/B015DW4MXK",
      "vendor_product_id": "BSTPSO72",
      "barcode": "5029280064064",
      "asin": "B015DW4MXK",
      "slf_cost_price": "4.61",
      "cost_price": "7.95",
      "rrp": "60.00",
      "length": "36.00",
      "width": "27.00",
      "height": "8.00",
      "weight": "0.98",
      "qty_per_box": null,
      "keywords": "mattrasss",
      "launch_date": "2015-10-21",
      "release_date": "2015-10-21",
      "bullet_point_1": "",
      "bullet_point_2": "",
      "bullet_point_3": "",
      "bullet_point_4": "",
      "bullet_point_5": "",
      "in_the_box": ""
    }
  },
  {
    "model": "product.sku",
    "pk": 38,
    "fields": {
      "product": 10,
      "variant": "SGL",
      "colour": "White",
      "factory_sku_description": "",
      "url": "http://www.amazon.co.uk/gp/product/B017KHS2HI",
      "vendor_product_id": "BSWPMF36",
      "barcode": "5029280064071",
      "asin": "B017KHS2HI",
      "slf_cost_price": "3.47",
      "cost_price": "5.35",
      "rrp": "11.95",
      "length": "15.50",
      "width": "31.00",
      "height": "7.50",
      "weight": "0.71",
      "qty_per_box": null,
      "keywords": "mattrasss",
      "launch_date": "2015-10-21",
      "release_date": "2015-10-21",
      "bullet_point_1": "",
      "bullet_point_2": "",
      "bullet_point_3": "",
      "bullet_point_4": "",
      "bullet_point_5": "",
      "in_the_box": ""
    }
  },
  {
    "model": "product.sku",
    "pk": 39,
    "fields": {
      "product": 10,
      "variant": "DBL",
      "colour": "White",
      "factory_sku_description": "",
      "url": "http://www.amazon.co.uk/gp/product/B017KHS2GY",
      "vendor_product_id": "BSWPMF54",
      "barcode": "5029280064088",
      "asin": "B017KHS2GY",
      "slf_cost_price": "4.71",
      "cost_price": "7.30",
      "rrp": "14.95",
      "length": "15.50",
      "width": "31.00",
      "height": "8.50",
      "weight": "0.95",
      "qty_per_box": null,
      "keywords": "mattrasss",
      "launch_date": "2015-10-21",
      "release_date": "2015-10-21",
      "bullet_point_1": "",
      "bullet_point_2": "",
      "bullet_point_3": "",
      "bullet_point_4": "",
      "bullet_point_5": "",
      "in_the_box": ""
    }
  },
  {
    "model": "product.sku",
    "pk": 40,
    "fields": {
      "product": 10,
      "variant": "KNG",
      "colour": "White",
      "factory_sku_description": "",
      "url": "http://www.amazon.co.uk/gp/product/B017KHS23W",
      "vendor_product_id": "BSWPMF60",
      "barcode": "5029280064095",
      "asin": "B017KHS23W",
      "slf_cost_price": "5.08",
      "cost_price": "7.95",
      "rrp": "17.95",
      "length": "15.50",
      "width": "31.00",
      "height": "10.00",
      "weight": "1.16",
      "qty_per_box": null,
      "keywords": "mattrasss",
      "launch_date": "2015-10-21",
      "release_date": "2015-10-21",
      "bullet_point_1": "",
      "bullet_point_2": "",
      "bullet_point_3": "",
      "bullet_point_4": "",
      "bullet_point_5": "",
      "in_the_box": ""
    }
  },
  {
    "model": "product.sku",
    "pk": 41,
    "fields": {
      "product": 10,
      "variant": "SKG",
      "colour": "White",
      "factory_sku_description": "",
      "url": "http://www.amazon.co.uk/gp/product/B017KHS2PK",
      "vendor_product_id": "BSWPMF72",
      "barcode": "5029280064101",
      "asin": "B017KHS2PK",
      "slf_cost_price": "5.85",
      "cost_price": "9.10",
      "rrp": "19.95",
      "length": "15.50",
      "width": "31.00",
      "height": "11.00",
      "weight": "1.29",
      "qty_per_box": null,
      "keywords": "mattrasss",
      "launch_date": "2015-10-21",
      "release_date": "2015-10-21",
      "bullet_point_1": "",
      "bullet_point_2": "",
      "bullet_point_3": "",
      "bullet_point_4": "",
      "bullet_point_5": "",
      "in_the_box": ""
    }
  },
  {
    "model": "product.sku",
    "pk": 42,
    "fields": {
      "product": 9,
      "variant": "SSG",
      "colour": "White",
      "factory_sku_description": "",
      "url": "http://www.amazon.co.uk/gp/product/B017YR9ERQ",
      "vendor_product_id": "BSAQML30",
      "barcode": "5029280064149",
      "asin": "B017YR9ERQ",
      "slf_cost_price": "3.29",
      "cost_price": "5.50",
      "rrp": "10.45",
      "length": "35.00",
      "width": "43.00",
      "height": "7.00",
      "weight": "0.73",
      "qty_per_box": null,
      "keywords": "mattrass",
      "launch_date": "2015-11-04",
      "release_date": "2015-11-04",
      "bullet_point_1": "",
      "bullet_point_2": "",
      "bullet_point_3": "",
      "bullet_point_4": "",
      "bullet_point_5": "",
      "in_the_box": ""
    }
  },
  {
    "model": "product.sku",
    "pk": 43,
    "fields": {
      "product": 9,
      "variant": "SDB",
      "colour": "White",
      "factory_sku_description": "",
      "url": "http://www.amazon.co.uk/gp/product/B017YR9F16",
      "vendor_product_id": "BSAQML48",
      "barcode": "5029280064156",
      "asin": "B017YR9F16",
      "slf_cost_price": "4.48",
      "cost_price": "7.20",
      "rrp": "14.45",
      "length": "35.00",
      "width": "43.00",
      "height": "8.00",
      "weight": "1.00",
      "qty_per_box": null,
      "keywords": "Mattrass",
      "launch_date": "2015-11-04",
      "release_date": "2015-11-04",
      "bullet_point_1": "",
      "bullet_point_2": "",
      "bullet_point_3": "",
      "bullet_point_4": "",
      "bullet_point_5": "",
      "in_the_box": ""
    }
  },
  {
    "model": "product.sku",
    "pk": 44,
    "fields": {
      "product": 1,
      "variant": "SSG",
      "colour": "White",
      "factory_sku_description": "",
      "url": "http://www.amazon.co.uk/gp/product/B01961FI6O",
      "vendor_product_id": "BSTPSO30",
      "barcode": "5029280064125",
      "asin": "B01961FI6O",
      "slf_cost_price": "2.71",
      "cost_price": "4.40",
      "rrp": "25.00",
      "length": "36.50",
      "width": "26.00",
      "height": "5.00",
      "weight": "0.49",
      "qty_per_box": null,
      "keywords": "mattrass",
      "launch_date": "2015-11-04",
      "release_date": "2015-11-04",
      "bullet_point_1": "",
      "bullet_point_2": "",
      "bullet_point_3": "",
      "bullet_point_4": "",
      "bullet_point_5": "",
      "in_the_box": ""
    }
  },
  {
    "model": "product.sku",
    "pk": 45,
    "fields": {
      "product": 1,
      "variant": "SDB",
      "colour": "White",
      "factory_sku_description": "",
      "url": "http://www.amazon.co.uk/gp/product/B01961FH88",
      "vendor_product_id": "BSTPSO48",
      "barcode": "5029280064132",
      "asin": "B01961FH88",
      "slf_cost_price": "3.69",
      "cost_price": "6.05",
      "rrp": "40.00",
      "length": "36.50",
      "width": "26.00",
      "height": "5.50",
      "weight": "0.64",
      "qty_per_box": null,
      "keywords": "mattrass",
      "launch_date": "2015-11-04",
      "release_date": "2015-11-04",
      "bullet_point_1": "",
      "bullet_point_2": "",
      "bullet_point_3": "",
      "bullet_point_4": "",
      "bullet_point_5": "",
      "in_the_box": ""
    }
  },
  {
    "model": "product.sku",
    "pk": 46,
    "fields": {
      "product": 11,
      "variant": "SGL",
      "colour": "White",
      "factory_sku_description": "",
      "url": "",
      "vendor_product_id": "BCBS36",
      "barcode": "5029280064354",
      "asin": "",
      "slf_cost_price": "3.20",
      "cost_price": "4.45",
      "rrp": "30.00",
      "length": "36.00",
      "width": "27.00",
      "height": "4.00",
      "weight": "0.54",
      "qty_per_box": null,
      "keywords": "",
      "launch_date": "2016-09-29",
      "release_date": "2016-09-29",
      "bullet_point_1": "",
      "bullet_point_2": "",
      "bullet_point_3": "Stretch polyester skirt to fit single bed.",
      "bullet_point_4": "",
      "bullet_point_5": "",
      "in_the_box": "1 Single waterproof brushed cotton mattress protector"
    }
  },
  {
    "model": "product.spec",
    "pk": 1,
    "fields": {
      "quilting_pattern": "DIA 3\"",
      "fixing": "ELASTIC",
      "top": 1,
      "bottom": 2,
      "filling": "Hollow fibre PE",
      "filling_weight": "100.00"
    }
  }
]
